{"predicted_probs": [0.0, 0.0, 0.0, 1e-05, 0.0, 0.0, 0.0, 0.99999, 0.0, 0.0], "score": 7}
{"predicted_probs": [0.0, 0.0, 1.0, 0.0, 0.0, 0.0, 0.0, 0.0, 0.0, 0.0], "score": 2}
{"predicted_probs": [0.0, 0.99994, 2e-05, 0.0, 0.0, 0.0, 0.0, 2e-05, 1e-05, 0.0], "score": 1}
{"predicted_probs": [0.99992, 0.0, 7e-05, 0.0, 0.0, 0.0, 0.0, 0.0, 0.0, 0.0], "score": 0}
{"predicted_probs": [0.0, 0.0, 0.0, 0.0, 0.99463, 0.0, 0.0, 0.0, 0.0, 0.00536], "score": 4}
{"predicted_probs": [0.0, 0.99998, 0.0, 0.0, 0.0, 0.0, 0.0, 2e-05, 0.0, 0.0], "score": 1}
{"predicted_probs": [0.0, 0.0, 0.0, 0.0, 0.997, 0.0, 0.0, 0.0, 0.00119, 0.00181], "score": 4}
{"predicted_probs": [0.0, 0.0, 0.00023, 0.00069, 4e-05, 1e-05, 0.0, 4e-05, 0.0, 0.99899], "score": 9}
{"predicted_probs": [0.0, 0.0, 0.0, 0.0, 0.0, 0.85658, 0.14319, 0.0, 6e-05, 0.00016], "score": 5}
{"predicted_probs": [0.0, 0.0, 0.0, 0.0, 0.00061, 0.0, 0.0, 2e-05, 0.0, 0.99936], "score": 9}
{"predicted_probs": [1.0, 0.0, 0.0, 0.0, 0.0, 0.0, 0.0, 0.0, 0.0, 0.0], "score": 0}
{"predicted_probs": [0.0, 0.0, 0.0, 0.0, 0.0, 0.0, 1.0, 0.0, 0.0, 0.0], "score": 6}
{"predicted_probs": [0.0, 0.0, 0.0, 0.0, 0.0, 0.0, 0.0, 0.0, 0.0, 1.0], "score": 9}
{"predicted_probs": [1.0, 0.0, 0.0, 0.0, 0.0, 0.0, 0.0, 0.0, 0.0, 0.0], "score": 0}
{"predicted_probs": [0.0, 0.99998, 0.0, 0.0, 0.0, 0.0, 0.0, 0.0, 2e-05, 0.0], "score": 1}
{"predicted_probs": [0.0, 0.0, 0.0, 0.01013, 0.0, 0.98986, 0.0, 0.0, 0.0, 0.0], "score": 5}
{"predicted_probs": [0.0, 0.0, 0.0, 0.0, 0.0, 0.0, 0.0, 0.0, 0.0, 0.99999], "score": 9}
{"predicted_probs": [0.0, 0.0, 0.0, 0.0, 0.0, 0.0, 0.0, 0.99999, 0.0, 0.0], "score": 7}
{"predicted_probs": [0.0, 0.0, 0.00068, 0.75321, 5e-05, 0.00197, 0.0, 0.0, 0.24378, 0.0003], "score": 3}
{"predicted_probs": [0.0, 0.0, 0.0, 0.0, 0.99999, 0.0, 0.0, 0.0, 0.0, 1e-05], "score": 4}
{"predicted_probs": [0.0, 0.0, 0.0, 0.0, 9e-05, 0.0, 0.0, 0.00071, 0.0, 0.9992], "score": 9}
{"predicted_probs": [0.0, 0.0, 0.0, 0.0, 0.0, 3e-05, 0.99997, 0.0, 0.0, 0.0], "score": 6}
{"predicted_probs": [0.0, 0.0, 0.0, 0.0, 0.0, 0.0, 0.99999, 0.0, 0.0, 0.0], "score": 6}
{"predicted_probs": [0.0, 0.0, 0.0, 0.0, 0.0, 1.0, 0.0, 0.0, 0.0, 0.0], "score": 5}
{"predicted_probs": [0.0, 0.0, 0.0, 0.0, 0.99827, 0.0, 0.0, 7e-05, 0.0, 0.00165], "score": 4}
{"predicted_probs": [0.99992, 0.0, 0.0, 0.0, 0.0, 0.0, 3e-05, 0.0, 0.0, 5e-05], "score": 0}
{"predicted_probs": [0.0, 0.0, 0.0, 0.0, 0.0, 0.0, 0.0, 0.99825, 0.0, 0.00174], "score": 7}
{"predicted_probs": [0.0, 0.0, 0.0, 0.0, 1.0, 0.0, 0.0, 0.0, 0.0, 0.0], "score": 4}
{"predicted_probs": [0.9995, 0.0, 0.0005, 0.0, 0.0, 0.0, 0.0, 0.0, 0.0, 0.0], "score": 0}
{"predicted_probs": [0.0, 0.99991, 1e-05, 6e-05, 1e-05, 0.0, 0.0, 0.0, 1e-05, 0.0], "score": 1}
{"predicted_probs": [0.0, 0.0, 0.0, 1.0, 0.0, 0.0, 0.0, 0.0, 0.0, 0.0], "score": 3}
{"predicted_probs": [0.0, 0.9992, 2e-05, 4e-05, 0.00024, 3e-05, 0.0, 0.00015, 0.00014, 0.00017], "score": 1}
{"predicted_probs": [0.0, 0.0, 0.0, 0.99997, 0.0, 3e-05, 0.0, 0.0, 0.0, 0.0], "score": 3}
{"predicted_probs": [0.00021, 0.0, 0.0, 0.0, 0.99811, 0.0, 0.00168, 0.0, 0.0, 0.0], "score": 4}
{"predicted_probs": [0.0, 0.0, 0.0, 1e-05, 0.0, 0.0, 0.0, 0.99999, 0.0, 0.0], "score": 7}
{"predicted_probs": [0.0, 0.0, 1.0, 0.0, 0.0, 0.0, 0.0, 0.0, 0.0, 0.0], "score": 2}
{"predicted_probs": [0.0, 0.0, 6e-05, 0.0, 0.0, 0.0, 0.0, 0.99994, 0.0, 0.0], "score": 7}
{"predicted_probs": [0.0, 0.99998, 0.0, 0.0, 0.0, 0.0, 0.0, 1e-05, 0.0, 0.0], "score": 1}
{"predicted_probs": [0.0, 2e-05, 0.99997, 1e-05, 0.0, 0.0, 0.0, 0.0, 0.0, 0.0], "score": 2}
{"predicted_probs": [0.0, 0.99999, 0.0, 0.0, 0.0, 0.0, 0.0, 0.0, 0.0, 0.0], "score": 1}
{"predicted_probs": [0.0, 0.99933, 0.00015, 7e-05, 1e-05, 1e-05, 2e-05, 0.00021, 0.0002, 1e-05], "score": 1}
{"predicted_probs": [0.0, 1e-05, 2e-05, 2e-05, 0.0, 0.0, 0.0, 0.99995, 0.0, 0.0], "score": 7}
{"predicted_probs": [0.0, 0.0, 0.0, 0.0, 0.99754, 0.0, 0.0, 3e-05, 0.0, 0.00243], "score": 4}
{"predicted_probs": [0.0, 0.00166, 0.99832, 1e-05, 1e-05, 0.0, 0.0, 0.0, 0.0, 0.0], "score": 2}
{"predicted_probs": [0.0, 1e-05, 0.0029, 0.99698, 0.0, 0.00011, 0.0, 0.0, 0.0, 0.0], "score": 3}
{"predicted_probs": [0.0, 0.0, 0.0, 1e-05, 0.0, 0.99989, 1e-05, 0.0, 8e-05, 1e-05], "score": 5}
{"predicted_probs": [0.0, 0.99991, 1e-05, 5e-05, 0.0, 0.0, 0.0, 0.0, 2e-05, 2e-05], "score": 1}
{"predicted_probs": [0.0, 0.0, 1.0, 0.0, 0.0, 0.0, 0.0, 0.0, 0.0, 0.0], "score": 2}
{"predicted_probs": [0.0, 0.0, 0.0, 0.0, 0.99999, 0.0, 0.0, 0.0, 0.0, 1e-05], "score": 4}
{"predicted_probs": [0.0, 0.0, 0.0, 0.0, 0.99982, 0.0, 0.0, 0.0, 0.0, 0.00018], "score": 4}
{"predicted_probs": [1e-05, 0.0, 0.0, 0.0, 0.0, 0.00022, 0.99976, 0.0, 0.0, 0.0], "score": 6}
{"predicted_probs": [0.0, 0.0, 0.0, 0.99999, 0.0, 0.0, 0.0, 0.0, 0.0, 0.0], "score": 3}
{"predicted_probs": [0.0, 0.0, 0.0, 0.0, 0.0, 0.99983, 0.0, 0.0, 0.0, 0.00017], "score": 5}
{"predicted_probs": [0.0, 0.0, 0.0, 2e-05, 0.0, 0.99886, 0.0, 0.0, 1e-05, 0.0011], "score": 5}
{"predicted_probs": [0.0, 0.0, 0.0, 0.0, 0.0, 0.0, 1.0, 0.0, 0.0, 0.0], "score": 6}
{"predicted_probs": [0.99991, 0.0, 7e-05, 0.0, 0.0, 0.0, 0.0, 0.0, 1e-05, 0.0], "score": 0}
{"predicted_probs": [0.0, 0.0, 0.0, 0.0, 1.0, 0.0, 0.0, 0.0, 0.0, 0.0], "score": 4}
{"predicted_probs": [0.0, 0.99989, 0.0, 0.0, 0.0, 0.0, 0.0, 0.0001, 0.0, 0.0], "score": 1}
{"predicted_probs": [0.0, 0.0, 0.0, 0.0, 5e-05, 0.0, 0.0, 0.0, 0.0, 0.99995], "score": 9}
{"predicted_probs": [0.0, 0.0, 0.0, 0.0, 0.0, 0.99919, 0.0, 0.0007, 9e-05, 2e-05], "score": 5}
{"predicted_probs": [0.0, 0.0, 0.0, 0.0, 0.0, 0.0, 0.0, 1.0, 0.0, 0.0], "score": 7}
{"predicted_probs": [2e-05, 1e-05, 0.10488, 0.00158, 0.0, 1e-05, 3e-05, 3e-05, 0.89342, 2e-05], "score": 8}
{"predicted_probs": [0.0, 0.0, 0.0, 0.0, 5e-05, 0.01536, 0.00011, 2e-05, 0.00995, 0.9745], "score": 9}
{"predicted_probs": [0.0, 0.0, 0.00048, 0.99917, 0.0, 0.0, 0.0, 0.0, 0.00026, 8e-05], "score": 3}
{"predicted_probs": [0.0, 0.0, 0.0, 0.00026, 0.0, 0.0, 0.0, 0.99974, 0.0, 0.0], "score": 7}
{"predicted_probs": [0.0, 3e-05, 1e-05, 0.0, 0.99737, 0.00034, 0.0, 0.0, 1e-05, 0.00224], "score": 4}
{"predicted_probs": [6e-05, 0.0, 2e-05, 0.0, 1e-05, 0.0, 0.9999, 0.0, 0.0, 0.0], "score": 6}
{"predicted_probs": [0.0, 0.0, 0.0, 0.0, 0.99989, 0.0, 0.0, 0.0, 0.0, 0.00011], "score": 4}
{"predicted_probs": [0.0, 0.0, 0.0, 1.0, 0.0, 0.0, 0.0, 0.0, 0.0, 0.0], "score": 3}
{"predicted_probs": [0.99999, 0.0, 0.0, 0.0, 0.0, 0.0, 1e-05, 0.0, 0.0, 0.0], "score": 0}
{"predicted_probs": [0.0, 0.0, 0.0, 0.0, 0.0, 0.0, 0.0, 1.0, 0.0, 0.0], "score": 7}
{"predicted_probs": [1.0, 0.0, 0.0, 0.0, 0.0, 0.0, 0.0, 0.0, 0.0, 0.0], "score": 0}
{"predicted_probs": [0.0, 0.0, 0.99998, 2e-05, 0.0, 0.0, 0.0, 0.0, 0.0, 0.0], "score": 2}
{"predicted_probs": [0.0, 0.0, 0.0, 0.0, 0.0, 0.0, 0.0, 0.0001, 0.0, 0.99989], "score": 9}
{"predicted_probs": [0.0, 0.99997, 0.0, 0.0, 1e-05, 0.0, 0.0, 1e-05, 1e-05, 0.0], "score": 1}
{"predicted_probs": [0.0, 0.0, 0.0, 0.0, 0.0, 0.0, 0.0, 0.99998, 0.0, 1e-05], "score": 7}
{"predicted_probs": [0.0, 0.0, 0.0, 1.0, 0.0, 0.0, 0.0, 0.0, 0.0, 0.0], "score": 3}
{"predicted_probs": [0.0, 0.00045, 0.9995, 1e-05, 0.0, 0.0, 0.0, 4e-05, 0.0, 0.0], "score": 2}
{"predicted_probs": [0.0, 0.0, 0.0, 0.0, 0.0007, 0.0, 0.0, 9e-05, 1e-05, 0.9992], "score": 9}
{"predicted_probs": [0.0, 0.0, 0.0, 1e-05, 0.0, 0.0, 0.0, 0.99993, 0.0, 6e-05], "score": 7}
{"predicted_probs": [0.0, 0.0, 0.0, 0.0, 1e-05, 4e-05, 0.0, 0.81459, 0.0, 0.18535], "score": 7}
{"predicted_probs": [0.0, 0.0, 0.0, 0.0, 0.0, 0.0, 0.99999, 0.0, 0.0, 1e-05], "score": 6}
{"predicted_probs": [0.0, 0.0, 1.0, 0.0, 0.0, 0.0, 0.0, 0.0, 0.0, 0.0], "score": 2}
{"predicted_probs": [0.0, 0.0, 0.0, 0.0, 0.0, 0.0, 0.0, 0.99749, 0.0, 0.00251], "score": 7}
{"predicted_probs": [0.0, 0.0, 0.0, 1e-05, 0.0, 0.0001, 2e-05, 0.0, 0.99981, 6e-05], "score": 8}
{"predicted_probs": [0.0, 0.0, 0.0, 0.0, 1.0, 0.0, 0.0, 0.0, 0.0, 0.0], "score": 4}
{"predicted_probs": [0.0, 0.0, 0.0, 2e-05, 0.0, 0.0, 0.0, 0.99995, 0.0, 3e-05],